{
    "tag16h5.00.0": [
        -0.2275,
        0.1525,
        0
    ],
    "tag16h5.00.1": [
        -0.1525,
        0.1525,
        0
    ],
    "tag16h5.00.2": [
        -0.1525,
        0.2275,
        0
    ],
    "tag16h5.00.3": [
        -0.2275,
        0.2275,
        0
    ],
    "tag16h5.01.0": [
        -0.2275,
        -0.2275,
        0
    ],
    "tag16h5.01.1": [
        -0.1525,
        -0.2275,
        0
    ],
    "tag16h5.01.2": [
        -0.1525,
        -0.1525,
        0
    ],
    "tag16h5.01.3": [
        -0.2275,
        -0.1525,
        0
    ],
    "tag16h5.02.0": [
        0.1525,
        -0.2275,
        0
    ],
    "tag16h5.02.1": [
        0.2275,
        -0.2275,
        0
    ],
    "tag16h5.02.2": [
        0.2275,
        -0.1525,
        0
    ],
    "tag16h5.02.3": [
        0.1525,
        -0.1525,
        0
    ],
    "tag16h5.03.0": [
        0.1525,
        0.1525,
        0
    ],
    "tag16h5.03.1": [
        0.2275,
        0.1525,
        0
    ],
    "tag16h5.03.2": [
        0.2275,
        0.2275,
        0
    ],
    "tag16h5.03.3": [
        0.1525,
        0.2275,
        0
    ],
    "tag16h5.05.0": [
        -0.16125,
        -0.01125,
        0
    ],
    "tag16h5.05.1": [
        -0.13875,
        -0.01125,
        0
    ],
    "tag16h5.05.2": [
        -0.13875,
        0.01125,
        0
    ],
    "tag16h5.05.3": [
        -0.16125,
        0.01125,
        0
    ],
    "tag16h5.06.0": [
        -0.16125,
        -0.12125,
        0
    ],
    "tag16h5.06.1": [
        -0.13875,
        -0.12125,
        0
    ],
    "tag16h5.06.2": [
        -0.13875,
        -0.09875,
        0
    ],
    "tag16h5.06.3": [
        -0.16125,
        -0.09875,
        0
    ],
    "tag16h5.04.0": [
        -0.16125,
        0.09875,
        0
    ],
    "tag16h5.04.1": [
        -0.13875,
        0.09875,
        0
    ],
    "tag16h5.04.2": [
        -0.13875,
        0.12125,
        0
    ],
    "tag16h5.04.3": [
        -0.16125,
        0.12125,
        0
    ],
    "tag16h5.07.0": [
        -0.12125,
        -0.16125,
        0
    ],
    "tag16h5.07.1": [
        -0.09875,
        -0.16125,
        0
    ],
    "tag16h5.07.2": [
        -0.09875,
        -0.13875,
        0
    ],
    "tag16h5.07.3": [
        -0.12125,
        -0.13875,
        0
    ],
    "tag16h5.08.0": [
        -0.01125,
        -0.16125,
        0
    ],
    "tag16h5.08.1": [
        0.01125,
        -0.16125,
        0
    ],
    "tag16h5.08.2": [
        0.01125,
        -0.13875,
        0
    ],
    "tag16h5.08.3": [
        -0.01125,
        -0.13875,
        0
    ],
    "tag16h5.09.0": [
        0.09875,
        -0.16125,
        0
    ],
    "tag16h5.09.1": [
        0.12125,
        -0.16125,
        0
    ],
    "tag16h5.09.2": [
        0.12125,
        -0.13875,
        0
    ],
    "tag16h5.09.3": [
        0.09875,
        -0.13875,
        0
    ],
    "tag16h5.10.0": [
        0.13875,
        -0.12125,
        0
    ],
    "tag16h5.10.1": [
        0.16125,
        -0.12125,
        0
    ],
    "tag16h5.10.2": [
        0.16125,
        -0.09875,
        0
    ],
    "tag16h5.10.3": [
        0.13875,
        -0.09875,
        0
    ],
    "tag16h5.11.0": [
        0.13875,
        -0.01125,
        0
    ],
    "tag16h5.11.1": [
        0.16125,
        -0.01125,
        0
    ],
    "tag16h5.11.2": [
        0.16125,
        0.01125,
        0
    ],
    "tag16h5.11.3": [
        0.13875,
        0.01125,
        0
    ],
    "tag16h5.12.0": [
        0.13875,
        0.09875,
        0
    ],
    "tag16h5.12.1": [
        0.16125,
        0.09875,
        0
    ],
    "tag16h5.12.2": [
        0.16125,
        0.12125,
        0
    ],
    "tag16h5.12.3": [
        0.13875,
        0.12125,
        0
    ],
    "tag16h5.13.0": [
        0.09875,
        0.13875,
        0
    ],
    "tag16h5.13.1": [
        0.12125,
        0.13875,
        0
    ],
    "tag16h5.13.2": [
        0.12125,
        0.16125,
        0
    ],
    "tag16h5.13.3": [
        0.09875,
        0.16125,
        0
    ],
    "tag16h5.14.0": [
        -0.01125,
        0.13875,
        0
    ],
    "tag16h5.14.1": [
        0.01125,
        0.13875,
        0
    ],
    "tag16h5.14.2": [
        0.01125,
        0.16125,
        0
    ],
    "tag16h5.14.3": [
        -0.01125,
        0.16125,
        0
    ],
    "tag16h5.15.0": [
        -0.12125,
        0.13875,
        0
    ],
    "tag16h5.15.1": [
        -0.09875,
        0.13875,
        0
    ],
    "tag16h5.15.2": [
        -0.09875,
        0.16125,
        0
    ],
    "tag16h5.15.3": [
        -0.12125,
        0.16125,
        0
    ],
    "tag16h5.16.0": [
        -0.1925,
        0.0325,
        0
    ],
    "tag16h5.16.1": [
        -0.1475,
        0.0325,
        0
    ],
    "tag16h5.16.2": [
        -0.1475,
        0.0775,
        0
    ],
    "tag16h5.16.3": [
        -0.1925,
        0.0775,
        0
    ],
    "tag16h5.17.0": [
        -0.1925,
        -0.0775,
        0
    ],
    "tag16h5.17.1": [
        -0.1475,
        -0.0775,
        0
    ],
    "tag16h5.17.2": [
        -0.1475,
        -0.0325,
        0
    ],
    "tag16h5.17.3": [
        -0.1925,
        -0.0325,
        0
    ],
    "tag16h5.18.0": [
        -0.0775,
        -0.1925,
        0
    ],
    "tag16h5.18.1": [
        -0.0325,
        -0.1925,
        0
    ],
    "tag16h5.18.2": [
        -0.0325,
        -0.1475,
        0
    ],
    "tag16h5.18.3": [
        -0.0775,
        -0.1475,
        0
    ],
    "tag16h5.19.0": [
        0.0325,
        -0.1925,
        0
    ],
    "tag16h5.19.1": [
        0.0775,
        -0.1925,
        0
    ],
    "tag16h5.19.2": [
        0.0775,
        -0.1475,
        0
    ],
    "tag16h5.19.3": [
        0.0325,
        -0.1475,
        0
    ],
    "tag16h5.20.0": [
        0.1475,
        -0.0775,
        0
    ],
    "tag16h5.20.1": [
        0.1925,
        -0.0775,
        0
    ],
    "tag16h5.20.2": [
        0.1925,
        -0.0325,
        0
    ],
    "tag16h5.20.3": [
        0.1475,
        -0.0325,
        0
    ],
    "tag16h5.21.0": [
        0.1475,
        0.0325,
        0
    ],
    "tag16h5.21.1": [
        0.1925,
        0.0325,
        0
    ],
    "tag16h5.21.2": [
        0.1925,
        0.0775,
        0
    ],
    "tag16h5.21.3": [
        0.1475,
        0.0775,
        0
    ],
    "tag16h5.22.0": [
        0.0325,
        0.1475,
        0
    ],
    "tag16h5.22.1": [
        0.0775,
        0.1475,
        0
    ],
    "tag16h5.22.2": [
        0.0775,
        0.1925,
        0
    ],
    "tag16h5.22.3": [
        0.0325,
        0.1925,
        0
    ],
    "tag16h5.23.0": [
        -0.0775,
        0.1475,
        0
    ],
    "tag16h5.23.1": [
        -0.0325,
        0.1475,
        0
    ],
    "tag16h5.23.2": [
        -0.0325,
        0.1925,
        0
    ],
    "tag16h5.23.3": [
        -0.0775,
        0.1925,
        0
    ]
}