{
    "tagStandard41h12.0.0": [
        0.0,
        0.0,
        0
    ],
    "tagStandard41h12.0.1": [
        0.015,
        0.0,
        0
    ],
    "tagStandard41h12.0.2": [
        0.015,
        0.015,
        0
    ],
    "tagStandard41h12.0.3": [
        0.0,
        0.015,
        0
    ],
    "tagStandard41h12.1.0": [
        0.03,
        0.0,
        0
    ],
    "tagStandard41h12.1.1": [
        0.045,
        0.0,
        0
    ],
    "tagStandard41h12.1.2": [
        0.045,
        0.015,
        0
    ],
    "tagStandard41h12.1.3": [
        0.03,
        0.015,
        0
    ],
    "tagStandard41h12.2.0": [
        0.06,
        0.0,
        0
    ],
    "tagStandard41h12.2.1": [
        0.075,
        0.0,
        0
    ],
    "tagStandard41h12.2.2": [
        0.075,
        0.015,
        0
    ],
    "tagStandard41h12.2.3": [
        0.06,
        0.015,
        0
    ],
    "tagStandard41h12.3.0": [
        0.09,
        0.0,
        0
    ],
    "tagStandard41h12.3.1": [
        0.105,
        0.0,
        0
    ],
    "tagStandard41h12.3.2": [
        0.105,
        0.015,
        0
    ],
    "tagStandard41h12.3.3": [
        0.09,
        0.015,
        0
    ],
    "tagStandard41h12.4.0": [
        0.12,
        0.0,
        0
    ],
    "tagStandard41h12.4.1": [
        0.135,
        0.0,
        0
    ],
    "tagStandard41h12.4.2": [
        0.135,
        0.015,
        0
    ],
    "tagStandard41h12.4.3": [
        0.12,
        0.015,
        0
    ],
    "tagStandard41h12.5.0": [
        0.15,
        0.0,
        0
    ],
    "tagStandard41h12.5.1": [
        0.16499999999999998,
        0.0,
        0
    ],
    "tagStandard41h12.5.2": [
        0.16499999999999998,
        0.015,
        0
    ],
    "tagStandard41h12.5.3": [
        0.15,
        0.015,
        0
    ],
    "tagStandard41h12.45.0": [
        0.0,
        -0.03,
        0
    ],
    "tagStandard41h12.45.1": [
        0.015,
        -0.03,
        0
    ],
    "tagStandard41h12.45.2": [
        0.015,
        -0.015,
        0
    ],
    "tagStandard41h12.45.3": [
        0.0,
        -0.015,
        0
    ],
    "tagStandard41h12.46.0": [
        0.03,
        -0.03,
        0
    ],
    "tagStandard41h12.46.1": [
        0.045,
        -0.03,
        0
    ],
    "tagStandard41h12.46.2": [
        0.045,
        -0.015,
        0
    ],
    "tagStandard41h12.46.3": [
        0.03,
        -0.015,
        0
    ],
    "tagStandard41h12.47.0": [
        0.06,
        -0.03,
        0
    ],
    "tagStandard41h12.47.1": [
        0.075,
        -0.03,
        0
    ],
    "tagStandard41h12.47.2": [
        0.075,
        -0.015,
        0
    ],
    "tagStandard41h12.47.3": [
        0.06,
        -0.015,
        0
    ],
    "tagStandard41h12.48.0": [
        0.09,
        -0.03,
        0
    ],
    "tagStandard41h12.48.1": [
        0.105,
        -0.03,
        0
    ],
    "tagStandard41h12.48.2": [
        0.105,
        -0.015,
        0
    ],
    "tagStandard41h12.48.3": [
        0.09,
        -0.015,
        0
    ],
    "tagStandard41h12.49.0": [
        0.12,
        -0.03,
        0
    ],
    "tagStandard41h12.49.1": [
        0.135,
        -0.03,
        0
    ],
    "tagStandard41h12.49.2": [
        0.135,
        -0.015,
        0
    ],
    "tagStandard41h12.49.3": [
        0.12,
        -0.015,
        0
    ],
    "tagStandard41h12.50.0": [
        0.15,
        -0.03,
        0
    ],
    "tagStandard41h12.50.1": [
        0.16499999999999998,
        -0.03,
        0
    ],
    "tagStandard41h12.50.2": [
        0.16499999999999998,
        -0.015,
        0
    ],
    "tagStandard41h12.50.3": [
        0.15,
        -0.015,
        0
    ],
    "tagStandard41h12.90.0": [
        0.0,
        -0.06,
        0
    ],
    "tagStandard41h12.90.1": [
        0.015,
        -0.06,
        0
    ],
    "tagStandard41h12.90.2": [
        0.015,
        -0.045,
        0
    ],
    "tagStandard41h12.90.3": [
        0.0,
        -0.045,
        0
    ],
    "tagStandard41h12.91.0": [
        0.03,
        -0.06,
        0
    ],
    "tagStandard41h12.91.1": [
        0.045,
        -0.06,
        0
    ],
    "tagStandard41h12.91.2": [
        0.045,
        -0.045,
        0
    ],
    "tagStandard41h12.91.3": [
        0.03,
        -0.045,
        0
    ],
    "tagStandard41h12.92.0": [
        0.06,
        -0.06,
        0
    ],
    "tagStandard41h12.92.1": [
        0.075,
        -0.06,
        0
    ],
    "tagStandard41h12.92.2": [
        0.075,
        -0.045,
        0
    ],
    "tagStandard41h12.92.3": [
        0.06,
        -0.045,
        0
    ],
    "tagStandard41h12.93.0": [
        0.09,
        -0.06,
        0
    ],
    "tagStandard41h12.93.1": [
        0.105,
        -0.06,
        0
    ],
    "tagStandard41h12.93.2": [
        0.105,
        -0.045,
        0
    ],
    "tagStandard41h12.93.3": [
        0.09,
        -0.045,
        0
    ],
    "tagStandard41h12.94.0": [
        0.12,
        -0.06,
        0
    ],
    "tagStandard41h12.94.1": [
        0.135,
        -0.06,
        0
    ],
    "tagStandard41h12.94.2": [
        0.135,
        -0.045,
        0
    ],
    "tagStandard41h12.94.3": [
        0.12,
        -0.045,
        0
    ],
    "tagStandard41h12.95.0": [
        0.15,
        -0.06,
        0
    ],
    "tagStandard41h12.95.1": [
        0.16499999999999998,
        -0.06,
        0
    ],
    "tagStandard41h12.95.2": [
        0.16499999999999998,
        -0.045,
        0
    ],
    "tagStandard41h12.95.3": [
        0.15,
        -0.045,
        0
    ],
    "tagStandard41h12.135.0": [
        0.0,
        -0.09,
        0
    ],
    "tagStandard41h12.135.1": [
        0.015,
        -0.09,
        0
    ],
    "tagStandard41h12.135.2": [
        0.015,
        -0.075,
        0
    ],
    "tagStandard41h12.135.3": [
        0.0,
        -0.075,
        0
    ],
    "tagStandard41h12.136.0": [
        0.03,
        -0.09,
        0
    ],
    "tagStandard41h12.136.1": [
        0.045,
        -0.09,
        0
    ],
    "tagStandard41h12.136.2": [
        0.045,
        -0.075,
        0
    ],
    "tagStandard41h12.136.3": [
        0.03,
        -0.075,
        0
    ],
    "tagStandard41h12.137.0": [
        0.06,
        -0.09,
        0
    ],
    "tagStandard41h12.137.1": [
        0.075,
        -0.09,
        0
    ],
    "tagStandard41h12.137.2": [
        0.075,
        -0.075,
        0
    ],
    "tagStandard41h12.137.3": [
        0.06,
        -0.075,
        0
    ],
    "tagStandard41h12.138.0": [
        0.09,
        -0.09,
        0
    ],
    "tagStandard41h12.138.1": [
        0.105,
        -0.09,
        0
    ],
    "tagStandard41h12.138.2": [
        0.105,
        -0.075,
        0
    ],
    "tagStandard41h12.138.3": [
        0.09,
        -0.075,
        0
    ],
    "tagStandard41h12.139.0": [
        0.12,
        -0.09,
        0
    ],
    "tagStandard41h12.139.1": [
        0.135,
        -0.09,
        0
    ],
    "tagStandard41h12.139.2": [
        0.135,
        -0.075,
        0
    ],
    "tagStandard41h12.139.3": [
        0.12,
        -0.075,
        0
    ],
    "tagStandard41h12.140.0": [
        0.15,
        -0.09,
        0
    ],
    "tagStandard41h12.140.1": [
        0.16499999999999998,
        -0.09,
        0
    ],
    "tagStandard41h12.140.2": [
        0.16499999999999998,
        -0.075,
        0
    ],
    "tagStandard41h12.140.3": [
        0.15,
        -0.075,
        0
    ],
    "tagStandard41h12.180.0": [
        0.0,
        -0.12,
        0
    ],
    "tagStandard41h12.180.1": [
        0.015,
        -0.12,
        0
    ],
    "tagStandard41h12.180.2": [
        0.015,
        -0.105,
        0
    ],
    "tagStandard41h12.180.3": [
        0.0,
        -0.105,
        0
    ],
    "tagStandard41h12.181.0": [
        0.03,
        -0.12,
        0
    ],